fipscode,varname,race_ethn,age,c_mn,se_tot,c_upr,c_lwr,county
4013,first_entry,AI/AN,18,0.1511788886104189,0.003212051279019244,0.1574745091172966,0.14488326810354119,AZ: Maricopa
4013,first_inv,AI/AN,18,0.44852247107398435,0.004207846240250771,0.4567698497048759,0.4402750924430928,AZ: Maricopa
4013,first_victim,AI/AN,18,0.1276710259612328,0.003014873943147005,0.13358017888980095,0.12176187303266468,AZ: Maricopa
4013,tpr,AI/AN,18,0.03559409432241856,0.001724432775727784,0.03897398256284501,0.0322142060819921,AZ: Maricopa
6001,first_entry,AI/AN,18,0.058454198140758376,0.007652713916215112,0.07345351741653999,0.04345487886497676,CA: Alameda
6001,first_inv,AI/AN,18,0.11935604942617521,0.009195247858783197,0.1373787352293903,0.10133336362296014,CA: Alameda
6001,first_victim,AI/AN,18,0.03932449025121333,0.005209599720387128,0.049535305703172106,0.02911367479925456,CA: Alameda
6001,tpr,AI/AN,18,0.020451825780731764,0.004183676830280448,0.028651832368081442,0.012251819193382087,CA: Alameda
6037,first_entry,AI/AN,18,0.08364818497044121,0.004550342382456316,0.0925668560400556,0.07472951390082683,CA: Los Angeles
6037,first_inv,AI/AN,18,0.1227419118137718,0.0038506832278479525,0.1302892509403538,0.11519457268718981,CA: Los Angeles
6037,first_victim,AI/AN,18,0.03640177109057367,0.002042311602205738,0.04040470183089692,0.032398840350250424,CA: Los Angeles
6037,tpr,AI/AN,18,0.008641007545626689,0.0014095504992369654,0.01140372652413114,0.005878288567122237,CA: Los Angeles
6059,first_entry,AI/AN,18,0.03767705413698136,0.004162594227927044,0.045835738823718365,0.02951836945024435,CA: Orange
6059,first_inv,AI/AN,18,0.06539289690920784,0.005417744302342467,0.07601167574179908,0.054774118076616606,CA: Orange
6059,first_victim,AI/AN,18,0.03186221995585847,0.003626724166443081,0.038970599322086914,0.024753840589630035,CA: Orange
6059,tpr,AI/AN,18,0.006680645978630981,0.0020077508777785577,0.010615837699076954,0.0027454542581850077,CA: Orange
6065,first_entry,AI/AN,18,0.05838928867889806,0.0037460975220550597,0.06573163982212597,0.05104693753567014,CA: Riverside
6065,first_inv,AI/AN,18,0.22988596554806073,0.006373816414929029,0.24237864572132162,0.21739328537479985,CA: Riverside
6065,first_victim,AI/AN,18,0.11135598175056441,0.004714969221334581,0.12059732142438019,0.10211464207674863,CA: Riverside
6065,tpr,AI/AN,18,0.012471747765501348,0.0018823752264074628,0.016161203209259976,0.008782292321742722,CA: Riverside
6071,first_entry,AI/AN,18,0.04792266524084486,0.003573898480642964,0.054927506262905074,0.04091782421878465,CA: San Bernadino
6071,first_inv,AI/AN,18,0.11652353698448097,0.005168718690999583,0.12665422561884015,0.10639284835012178,CA: San Bernadino
6071,first_victim,AI/AN,18,0.04388644815399062,0.0032802920781442543,0.05031582062715336,0.03745707568082788,CA: San Bernadino
6071,tpr,AI/AN,18,0.0067661598233873105,0.0014106030976431937,0.00953094189476797,0.004001377752006651,CA: San Bernadino
6073,first_entry,AI/AN,18,0.06170856056204249,0.00409338829300704,0.06973160161633629,0.05368551950774869,CA: San Diego
6073,first_inv,AI/AN,18,0.25336226079414453,0.007326353564636365,0.2677219137808318,0.23900260780745725,CA: San Diego
6073,first_victim,AI/AN,18,0.1131109076299245,0.0052975207103996644,0.12349404822230783,0.10272776703754116,CA: San Diego
6073,tpr,AI/AN,18,0.011935724950947538,0.0019439294061177747,0.015745826586938377,0.0081256233149567,CA: San Diego
6085,first_entry,AI/AN,18,0.053866997650370396,0.006597679483675515,0.0667984494383744,0.04093554586236639,CA: Santa Clara
6085,first_inv,AI/AN,18,0.1443012003966404,0.00863993197427821,0.1612354670662257,0.1273669337270551,CA: Santa Clara
6085,first_victim,AI/AN,18,0.05080119823696602,0.005462953441483099,0.06150858698227289,0.04009380949165915,CA: Santa Clara
6085,tpr,AI/AN,18,0.012773118490779028,0.0030062336830617062,0.018665336509579973,0.006880900471978085,CA: Santa Clara
12011,first_entry,AI/AN,18,0.07713252669559457,0.011552529118282261,0.09977548376742781,0.05448956962376134,FL: Broward
12011,first_inv,AI/AN,18,0.3149040552453884,0.019243621212099635,0.3526215528211037,0.2771865576696731,FL: Broward
12011,first_victim,AI/AN,18,0.08047286291659074,0.01231923118341543,0.10461855603608498,0.056327169797096496,FL: Broward
12011,tpr,AI/AN,18,0.006066734074823055,0.0035026468630368498,0.012931921926375281,0,FL: Broward
12086,first_entry,AI/AN,18,0.005357298616760292,0.0037178795240627666,0.012644342483923314,0,FL: Miami-Dade
12086,first_inv,AI/AN,18,0.12398116050066346,0.018604420447478048,0.16044582457772044,0.08751649642360648,FL: Miami-Dade
12086,first_victim,AI/AN,18,0.007315671953594782,0.004679640210908046,0.016487766766974554,0,FL: Miami-Dade
12086,tpr,AI/AN,18,0.0013160159746608835,0.0027121232731247913,0.006631777589985475,0,FL: Miami-Dade
17031,first_entry,AI/AN,18,0.0037904895233559083,0.0014323310438540252,0.006597858369309798,9.831206774020187e-4,IL: Cook
17031,first_inv,AI/AN,18,0.08396962404580222,0.005753286311680598,0.09524606521669618,0.07269318287490825,IL: Cook
17031,first_victim,AI/AN,18,0.014176376522248554,0.0026309025083264834,0.019332945438568463,0.009019807605928647,IL: Cook
17031,tpr,AI/AN,18,7.312181288153252e-4,5.439535405356872e-4,0.0017973670682652721,0,IL: Cook
25017,first_entry,AI/AN,18,0.08078253223953391,0.015937603228867583,0.11202023456811437,0.04954482991095345,MA: Middlesex
25017,first_inv,AI/AN,18,0.5080501625067197,0.029926053282157944,0.5667052269397493,0.44939509807369016,MA: Middlesex
25017,first_victim,AI/AN,18,0.24819256889454344,0.02507985518057492,0.2973490850484703,0.1990360527406166,MA: Middlesex
25017,tpr,AI/AN,18,0.02841571446813089,0.009371530464570333,0.04678391417868874,0.010047514757573036,MA: Middlesex
26163,first_entry,AI/AN,18,0.02923974022709823,0.005825998772495863,0.04065869782119012,0.01782078263300634,MI: Wayne
26163,first_inv,AI/AN,18,0.27966637810586814,0.02111589626884393,0.32105353479280224,0.23827922141893404,MI: Wayne
26163,first_victim,AI/AN,18,0.0851725007577822,0.011390398390389522,0.10749768160294566,0.06284731991261873,MI: Wayne
26163,tpr,AI/AN,18,0.0023587004805832174,0.0016686947520799921,0.005629342194660002,0,MI: Wayne
32003,first_entry,AI/AN,18,0.0470932376039863,0.004603677473833358,0.056116445452699684,0.03807002975527292,NV: Clark
32003,first_inv,AI/AN,18,0.17570753159744523,0.008649400554575085,0.1926603566844124,0.15875470651047807,NV: Clark
32003,first_victim,AI/AN,18,0.038203133959273855,0.00404622414044849,0.0461337332745529,0.030272534643994813,NV: Clark
32003,tpr,AI/AN,18,0.005311581634673615,0.0015358712108883153,0.008321889208014712,0.002301274061332517,NV: Clark
36061,first_entry,AI/AN,18,0.008540527472029671,0.0012652539917263404,0.011020425295813298,0.006060629648246044,NY: New York
36061,first_inv,AI/AN,18,0.0632315369005303,0.0036493427218459154,0.07038424863534828,0.056078825165712304,NY: New York
36061,first_victim,AI/AN,18,0.02571564064617715,0.0018755013235936602,0.029391623240420724,0.02203965805193358,NY: New York
36061,tpr,AI/AN,18,3.2532655624695206e-4,3.1727255385431344e-4,9.471807618014064e-4,0,NY: New York
48029,first_entry,AI/AN,18,0.013283407515027101,0.0030626812081801123,0.01928626268306012,0.007280552346994081,TX: Bexar
48029,first_inv,AI/AN,18,0.10577025307093431,0.007375065739365343,0.12022538192009039,0.09131512422177823,TX: Bexar
48029,first_victim,AI/AN,18,0.02807270681101172,0.0039846543149324835,0.035882629268279384,0.02026278435374405,TX: Bexar
48029,tpr,AI/AN,18,0.006017219789123743,0.0019715235423353643,0.009881405932101057,0.002153033646146429,TX: Bexar
48113,first_entry,AI/AN,18,0.026922417698459114,0.003868888808037546,0.0345054397622127,0.019339395634705523,TX: Dallas
48113,first_inv,AI/AN,18,0.18947645658236717,0.008259330080339586,0.20566474353983277,0.17328816962490157,TX: Dallas
48113,first_victim,AI/AN,18,0.05339141716944071,0.004993154177504863,0.06317799935735025,0.04360483498153118,TX: Dallas
48113,tpr,AI/AN,18,0.0053518270419401215,0.0017150388758899978,0.008713303238684517,0.001990350845195726,TX: Dallas
48201,first_entry,AI/AN,18,0.004091662440559599,0.0012436728165404827,0.006529261160978945,0.0016540637201402524,TX: Harris
48201,first_inv,AI/AN,18,0.15291759552832324,0.0056713572563627445,0.16403345575079423,0.14180173530585224,TX: Harris
48201,first_victim,AI/AN,18,0.02225991842575338,0.0025342443925021143,0.027227037435057524,0.017292799416449237,TX: Harris
48201,tpr,AI/AN,18,0.0011412004222585564,7.070601604293299e-4,0.002527038336700043,0,TX: Harris
48439,first_entry,AI/AN,18,0.013146843811797274,0.0032397803854837155,0.019496813367345357,0.006796874256249192,TX: Tarrant
48439,first_inv,AI/AN,18,0.21823217737924425,0.010609958083148687,0.23902769522221567,0.19743665953627282,TX: Tarrant
48439,first_victim,AI/AN,18,0.07858058140693672,0.007272635071147732,0.09283494614638627,0.06432621666748717,TX: Tarrant
48439,tpr,AI/AN,18,0.008326748534453185,0.0025413431115436876,0.013307781033078812,0.0033457160358275574,TX: Tarrant
53033,first_entry,AI/AN,18,0.10285215804361461,0.006298939581703962,0.11519807962375438,0.09050623646347485,WA: King
53033,first_inv,AI/AN,18,0.34504945474663673,0.00966654835998188,0.3639958895322012,0.32610301996107227,WA: King
53033,first_victim,AI/AN,18,0.05042806957617671,0.004491884651677114,0.05923216349346385,0.04162397565888957,WA: King
53033,tpr,AI/AN,18,0.019240540874871134,0.0027292933229561295,0.024589955787865148,0.01389112596187712,WA: King
4013,first_entry,Asian/PI,18,0.02635009459181238,0.00137557580555501,0.0290462231707002,0.023653966012924563,AZ: Maricopa
4013,first_inv,Asian/PI,18,0.19411830974924862,0.0033941034560369867,0.20077075252308113,0.18746586697541612,AZ: Maricopa
4013,first_victim,Asian/PI,18,0.025353972625165824,0.0014757939200144262,0.0282465287083941,0.02246141654193755,AZ: Maricopa
4013,tpr,Asian/PI,18,0.005088485514887525,6.205246091017466e-4,0.0063047137487269485,0.003872257281048102,AZ: Maricopa
6001,first_entry,Asian/PI,18,0.007253194637306476,5.022260016247111e-4,0.00823755760049091,0.006268831674122042,CA: Alameda
6001,first_inv,Asian/PI,18,0.08484337639712854,0.0015659753041485883,0.08791268799325977,0.0817740648009973,CA: Alameda
6001,first_victim,Asian/PI,18,0.009656062219532177,5.61235163128188e-4,0.010756083139263425,0.00855604129980093,CA: Alameda
6001,tpr,Asian/PI,18,9.88041531229139e-4,1.8614726662546227e-4,0.001352890173815045,6.231928886432331e-4,CA: Alameda
6037,first_entry,Asian/PI,18,0.01718042317332398,5.551903780290257e-4,0.018268596314260872,0.01609225003238709,CA: Los Angeles
6037,first_inv,Asian/PI,18,0.15745325516441375,0.0013227682476772134,0.16004588092986108,0.15486062939896642,CA: Los Angeles
6037,first_victim,Asian/PI,18,0.032966049694147195,6.581092374408592e-4,0.03425594379953128,0.03167615558876311,CA: Los Angeles
6037,tpr,Asian/PI,18,0.0016717813148387634,1.474426715892303e-4,0.001960768951153655,0.001382793678523872,CA: Los Angeles
6059,first_entry,Asian/PI,18,0.008098142374470943,4.6296433592045016e-4,0.009005552472875026,0.00719073227606686,CA: Orange
6059,first_inv,Asian/PI,18,0.12429608910378948,0.001634271983771985,0.12749926219198257,0.12109291601559638,CA: Orange
6059,first_victim,Asian/PI,18,0.03391443679247767,9.15070556980066e-4,0.0357079750841586,0.032120898500796746,CA: Orange
6059,tpr,Asian/PI,18,0.001993522896898303,2.4163723225975213e-4,0.002467131872127417,0.001519913921669189,CA: Orange
6065,first_entry,Asian/PI,18,0.020133219076722345,0.001405671282236619,0.02288833478990612,0.01737810336353857,CA: Riverside
6065,first_inv,Asian/PI,18,0.19807540143401553,0.0038654904123721716,0.20565176264226498,0.19049904022576608,CA: Riverside
6065,first_victim,Asian/PI,18,0.04309027493525888,0.001927012331444938,0.04686721910489096,0.039313330765626806,CA: Riverside
6065,tpr,Asian/PI,18,0.004726527716906251,7.481988430635405e-4,0.00619299744931079,0.0032600579845017113,CA: Riverside
6071,first_entry,Asian/PI,18,0.026800417363591872,0.001592827377665552,0.029922359023816354,0.02367847570336739,CA: San Bernadino
6071,first_inv,Asian/PI,18,0.1577030919525118,0.0034406609420530245,0.16444678739893573,0.1509593965060879,CA: San Bernadino
6071,first_victim,Asian/PI,18,0.0325387921311633,0.001670619570860311,0.03581320649004951,0.02926437777227709,CA: San Bernadino
6071,tpr,Asian/PI,18,0.0029101399725112026,5.18930438934822e-4,0.003927243632823454,0.0018930363121989514,CA: San Bernadino
6073,first_entry,Asian/PI,18,0.01233649859857254,7.6782947611382e-4,0.013841444371755628,0.010831552825389452,CA: San Diego
6073,first_inv,Asian/PI,18,0.1833726063939347,0.0024094851038935,0.18809519719756598,0.17865001559030344,CA: San Diego
6073,first_victim,Asian/PI,18,0.03514136612295202,0.001158576667650605,0.0374121763915472,0.03287055585435683,CA: San Diego
6073,tpr,Asian/PI,18,0.002427504173221115,3.209238105429886e-4,0.003056514841885373,0.0017984935045568572,CA: San Diego
6085,first_entry,Asian/PI,18,0.006311997368688593,3.8057472585197077e-4,0.007057923831358456,0.005566070906018731,CA: Santa Clara
6085,first_inv,Asian/PI,18,0.13968699384062205,0.001588448043835064,0.1428003520065388,0.13657363567470532,CA: Santa Clara
6085,first_victim,Asian/PI,18,0.018600216326519772,6.406888721043957e-4,0.019855966515844387,0.017344466137195157,CA: Santa Clara
6085,tpr,Asian/PI,18,5.142951746817115e-4,1.09674187174911e-4,7.292565815445371e-4,2.9933376781888593e-4,CA: Santa Clara
12011,first_entry,Asian/PI,18,0.009055493471313333,0.0013614892281344616,0.011724012358456878,0.006386974584169789,FL: Broward
12011,first_inv,Asian/PI,18,0.12851231896663412,0.004921624262476041,0.13815870252108717,0.11886593541218107,FL: Broward
12011,first_victim,Asian/PI,18,0.025978172936439572,0.0023839051346734074,0.03065062700039945,0.021305718872479694,FL: Broward
12011,tpr,Asian/PI,18,8.151970738566883e-4,4.079825257078061e-4,0.0016148428242439882,1.555132346938836e-5,FL: Broward
12086,first_entry,Asian/PI,18,0.005405367391975058,0.001484173462499828,0.00831434737847472,0.002496387405475395,FL: Miami-Dade
12086,first_inv,Asian/PI,18,0.11915233419734372,0.007673997607494864,0.13419336950803365,0.1041112988866538,FL: Miami-Dade
12086,first_victim,Asian/PI,18,0.010665802412021919,0.002275490862559316,0.015125764502638177,0.00620584032140566,FL: Miami-Dade
12086,tpr,Asian/PI,18,8.943366496838023e-4,6.277828048709263e-4,0.0021247909472308178,0,FL: Miami-Dade
17031,first_entry,Asian/PI,18,0.0015511480352314866,2.5908351201439785e-4,0.0020589517187797066,0.0010433443516832668,IL: Cook
17031,first_inv,Asian/PI,18,0.15591989743736068,0.002335723298905505,0.16049791510321545,0.1513418797715059,IL: Cook
17031,first_victim,Asian/PI,18,0.024520574974069898,0.0010236000770381724,0.026526831125064716,0.02251431882307508,IL: Cook
17031,tpr,Asian/PI,18,2.9477784086939796e-4,1.1170591350205032e-4,5.137214313334165e-4,7.583425040537934e-5,IL: Cook
25017,first_entry,Asian/PI,18,0.010340337760351079,9.397952225585701e-4,0.012182336396565876,0.008498339124136282,MA: Middlesex
25017,first_inv,Asian/PI,18,0.13842529841650808,0.003157930629274281,0.14461484244988568,0.13223575438313048,MA: Middlesex
25017,first_victim,Asian/PI,18,0.0562142996489286,0.002100718651264101,0.06033170820540624,0.05209689109245096,MA: Middlesex
25017,tpr,Asian/PI,18,3.7341053326114815e-4,1.94300697325392e-4,7.542399000189165e-4,0,MA: Middlesex
26163,first_entry,Asian/PI,18,0.005808706971239919,0.0011432892412519375,0.008049553884093716,0.003567860058386121,MI: Wayne
26163,first_inv,Asian/PI,18,0.11046668817807102,0.00515684366849611,0.1205741017683234,0.10035927458781865,MI: Wayne
26163,first_victim,Asian/PI,18,0.02596425928179298,0.0025587277117104235,0.030979365596745412,0.02094915296684055,MI: Wayne
26163,tpr,Asian/PI,18,4.456898976274992e-4,3.1564266528635583e-4,0.0010643495215887566,0,MI: Wayne
32003,first_entry,Asian/PI,18,0.025259069271244522,0.0013885912265526597,0.027980708075287734,0.02253743046720131,NV: Clark
32003,first_inv,Asian/PI,18,0.172101884577144,0.00327314734316414,0.17851725336974572,0.1656865157845423,NV: Clark
32003,first_victim,Asian/PI,18,0.033312956461949955,0.0015914453641141147,0.03643218937561362,0.03019372354828629,NV: Clark
32003,tpr,Asian/PI,18,0.002494087956120203,4.546366808986433e-4,0.0033851758506815437,0.001603000061558862,NV: Clark
36061,first_entry,Asian/PI,18,0.0051755615788644516,2.860608590117092e-4,0.005736240862527402,0.004614882295201501,NY: New York
36061,first_inv,Asian/PI,18,0.16188895237673326,0.0013881830920309572,0.16460979123711394,0.15916811351635257,NY: New York
36061,first_victim,Asian/PI,18,0.05994900399025403,9.113548660012805e-4,0.06173525952761654,0.05816274845289152,NY: New York
36061,tpr,Asian/PI,18,1.6528590170393487e-4,4.800810368999967e-5,2.5938178493633424e-4,7.119001847153551e-5,NY: New York
48029,first_entry,Asian/PI,18,0.009934735114676851,0.001430362250787057,0.012738245126219483,0.00713122510313422,TX: Bexar
48029,first_inv,Asian/PI,18,0.1385769907048586,0.004923836897541023,0.148227711024039,0.1289262703856782,TX: Bexar
48029,first_victim,Asian/PI,18,0.027380597086064856,0.002385265679331137,0.03205571781755388,0.02270547635457583,TX: Bexar
48029,tpr,Asian/PI,18,0.004538198252682993,9.724404557758881e-4,0.006444181546003734,0.002632214959362252,TX: Bexar
48113,first_entry,Asian/PI,18,0.006526115404074981,7.488629146219039e-4,0.007993886716733912,0.005058344091416049,TX: Dallas
48113,first_inv,Asian/PI,18,0.1104002836547907,0.0029206907585648824,0.11612483754157786,0.10467572976800353,TX: Dallas
48113,first_victim,Asian/PI,18,0.023737982121927112,0.0014111249527514293,0.026503787029319912,0.020972177214534312,TX: Dallas
48113,tpr,Asian/PI,18,9.751788111552612e-4,2.951705300638792e-4,0.0015537130500804645,3.9664457223005797e-4,TX: Dallas
48201,first_entry,Asian/PI,18,0.0031378701766457684,3.773330012545298e-4,0.003877442859104647,0.00239829749418689,TX: Harris
48201,first_inv,Asian/PI,18,0.09580285166475579,0.0019826426687564133,0.09968883129551835,0.09191687203399322,TX: Harris
48201,first_victim,Asian/PI,18,0.013999946216913264,8.053500977619111e-4,0.01557843240852661,0.012421460025299919,TX: Harris
48201,tpr,Asian/PI,18,7.866070803481257e-4,1.9016142499331517e-4,0.0011593234733350234,4.138906873612279e-4,TX: Harris
48439,first_entry,Asian/PI,18,0.0043761204260155395,7.215537590785265e-4,0.005790365793809451,0.0029618750582216277,TX: Tarrant
48439,first_inv,Asian/PI,18,0.16204603500295972,0.00392547271042829,0.16973996151539916,0.15435210849052028,TX: Tarrant
48439,first_victim,Asian/PI,18,0.037419422943459735,0.00213889252689756,0.041611652296178955,0.033227193590740514,TX: Tarrant
48439,tpr,Asian/PI,18,0.0011597746564683264,3.8832388704547217e-4,0.0019208894750774518,3.9865983785920107e-4,TX: Tarrant
53033,first_entry,Asian/PI,18,0.016207497750298033,7.904878736698193e-4,0.01775685398269088,0.014658141517905187,WA: King
53033,first_inv,Asian/PI,18,0.10554473338464514,0.001897012137419526,0.1092628771739874,0.10182658959530287,WA: King
53033,first_victim,Asian/PI,18,0.00984794254773834,6.411329311764072e-4,0.011104563092844098,0.00859132200263258,WA: King
53033,tpr,Asian/PI,18,0.0015558266393268516,2.459518075165281e-4,0.0020378921820592465,0.0010737610965944565,WA: King
4013,first_entry,Black,18,0.19350559957156782,0.0025004092463704972,0.198406401694454,0.18860479744868164,AZ: Maricopa
4013,first_inv,Black,18,0.6280201332901916,0.0026039334167370864,0.6331238427869963,0.6229164237933869,AZ: Maricopa
4013,first_victim,Black,18,0.17780823797930956,0.0024328973760713584,0.18257671683640941,0.1730397591222097,AZ: Maricopa
4013,tpr,Black,18,0.055936894292578046,0.0014988722681338752,0.05887468393812044,0.05299910464703565,AZ: Maricopa
6001,first_entry,Black,18,0.09985718747322214,0.0027399115364546527,0.10522741408467326,0.09448696086177102,CA: Alameda
6001,first_inv,Black,18,0.36351210321553096,0.003955711125304335,0.3712652970211274,0.3557589094099345,CA: Alameda
6001,first_victim,Black,18,0.09916136043343216,0.0025950315443586448,0.1042476222603751,0.09407509860648922,CA: Alameda
6001,tpr,Black,18,0.014469417570195472,0.0010954377988076883,0.01661647565585854,0.012322359484532404,CA: Alameda
6037,first_entry,Black,18,0.20070191419208233,0.0017800730712909125,0.20419085741181253,0.19721297097235213,CA: Los Angeles
6037,first_inv,Black,18,0.5787612681606792,0.001747854427216395,0.5821870628380234,0.575335473483335,CA: Los Angeles
6037,first_victim,Black,18,0.24659201649320794,0.0017085761952694075,0.249940825835936,0.2432432071504799,CA: Los Angeles
6037,tpr,Black,18,0.022578709229577137,6.732578723956909e-4,0.023898294659472692,0.021259123799681583,CA: Los Angeles
6059,first_entry,Black,18,0.1070566279903164,0.004572017441197713,0.11601778217506392,0.09809547380556888,CA: Orange
6059,first_inv,Black,18,0.3619244156531385,0.006083074571363217,0.3738472418130104,0.3500015894932666,CA: Orange
6059,first_victim,Black,18,0.1539973502881779,0.004881914292117622,0.16356590230072846,0.14442879827562735,CA: Orange
6059,tpr,Black,18,0.02102003171329518,0.002059288651135667,0.025056237469521087,0.016983825957069276,CA: Orange
6065,first_entry,Black,18,0.12100881776750476,0.0031100725206714298,0.12710455990802075,0.11491307562698876,CA: Riverside
6065,first_inv,Black,18,0.5508963146606979,0.0037058471193677956,0.5581597750146587,0.543632854306737,CA: Riverside
6065,first_victim,Black,18,0.21080152036278937,0.0033283361819520687,0.21732505927941542,0.20427798144616333,CA: Riverside
6065,tpr,Black,18,0.026093885051181737,0.0014876983903167362,0.02900977389620254,0.023177996206160935,CA: Riverside
6071,first_entry,Black,18,0.16758594301954488,0.0028752927336933754,0.1732215167775839,0.16195036926150586,CA: San Bernadino
6071,first_inv,Black,18,0.5276370358961575,0.003247822574531941,0.5340027681422401,0.5212713036500749,CA: San Bernadino
6071,first_victim,Black,18,0.19919763706215898,0.0028844233599570387,0.20485110684767477,0.1935441672766432,CA: San Bernadino
6071,tpr,Black,18,0.028459558709326385,0.0012723187360067687,0.030953303431899653,0.025965813986753117,CA: San Bernadino
6073,first_entry,Black,18,0.0879951540089985,0.002402534233728426,0.09270412110710621,0.08328618691089079,CA: San Diego
6073,first_inv,Black,18,0.5268079653246595,0.0035815445620466665,0.5338277926662709,0.519788137983048,CA: San Diego
6073,first_victim,Black,18,0.16595638019501568,0.0029503209097521735,0.17173900917812995,0.16017375121190142,CA: San Diego
6073,tpr,Black,18,0.01644903205378674,0.0010429237689988837,0.018493162641024553,0.01440490146654893,CA: San Diego
6085,first_entry,Black,18,0.09950854297908779,0.005057482335396712,0.10942120835646535,0.08959587760171023,CA: Santa Clara
6085,first_inv,Black,18,0.39274444348746435,0.00692120328569812,0.40631000192743266,0.37917888504749603,CA: Santa Clara
6085,first_victim,Black,18,0.12264951672044386,0.004846346217386613,0.1321483553065216,0.11315067813436609,CA: Santa Clara
6085,tpr,Black,18,0.010565277554611202,0.0015571511676303557,0.013617293843166699,0.0075132612660557055,CA: Santa Clara
12011,first_entry,Black,18,0.07296109953401457,0.0012232124174211747,0.07535859587216007,0.07056360319586907,FL: Broward
12011,first_inv,Black,18,0.4818664040956223,0.0021326932389257912,0.4860464828439169,0.47768632534732774,FL: Broward
12011,first_victim,Black,18,0.128977750989783,0.0015856099708352084,0.13208554653262003,0.12586995544694599,FL: Broward
12011,tpr,Black,18,0.01700508860191091,6.166571221901763e-4,0.018213736561403657,0.015796440642418166,FL: Broward
12086,first_entry,Black,18,0.08406953098613461,0.0014602549467113523,0.08693163068168885,0.08120743129058036,FL: Miami-Dade
12086,first_inv,Black,18,0.4933569938998779,0.0023864210568743916,0.49803437917135174,0.4886796086284041,FL: Miami-Dade
12086,first_victim,Black,18,0.07653671201551794,0.0014168682772963009,0.07931377383901869,0.07375965019201719,FL: Miami-Dade
12086,tpr,Black,18,0.022228181124604104,7.846566342066184e-4,0.023766108127649076,0.020690254121559132,FL: Miami-Dade
17031,first_entry,Black,18,0.045376273860054356,7.038531429720722e-4,0.04675582602027962,0.04399672169982909,IL: Cook
17031,first_inv,Black,18,0.5961405728211995,0.001352949193805098,0.5987923532410575,0.5934887924013414,IL: Cook
17031,first_victim,Black,18,0.15927208728459008,0.001205790873607215,0.16163543739686023,0.15690873717231993,IL: Cook
17031,tpr,Black,18,0.005443342629077752,2.550161247806905e-4,0.0059431742336479056,0.0049435110245075985,IL: Cook
25017,first_entry,Black,18,0.0812770461371369,0.0032318233363581653,0.08761141987639891,0.0749426723978749,MA: Middlesex
25017,first_inv,Black,18,0.5481436696862731,0.005325460882925458,0.558581573016807,0.5377057663557393,MA: Middlesex
25017,first_victim,Black,18,0.26536102741335577,0.005285342365298245,0.2757202984493403,0.2550017563773712,MA: Middlesex
25017,tpr,Black,18,0.0073566880680234065,0.0010107908092091796,0.009337838054073398,0.005375538081973415,MA: Middlesex
26163,first_entry,Black,18,0.07469506340740956,0.0011359632431283348,0.07692155136394109,0.07246857545087802,MI: Wayne
26163,first_inv,Black,18,0.5409795619238531,0.001962801697220268,0.5448266532504048,0.5371324705973014,MI: Wayne
26163,first_victim,Black,18,0.22967828494322806,0.001805710621074262,0.23321747776053361,0.2261390921259225,MI: Wayne
26163,tpr,Black,18,0.02075738716488748,6.19376671086005e-4,0.02197136544021605,0.01954340888955891,MI: Wayne
32003,first_entry,Black,18,0.16719649924537983,0.002339426323115671,0.17178177483868654,0.16261122365207312,NV: Clark
32003,first_inv,Black,18,0.5979672778990435,0.00275673958791132,0.6033704874913497,0.5925640683067372,NV: Clark
32003,first_victim,Black,18,0.15223130413043648,0.0022695447672136768,0.15667961187417528,0.14778299638669767,NV: Clark
32003,tpr,Black,18,0.024038413526249552,9.854847433085048e-4,0.025969963623134223,0.02210686342936488,NV: Clark
36061,first_entry,Black,18,0.06393214945775967,6.340887661240513e-4,0.06517496343936281,0.06268933547615653,NY: New York
36061,first_inv,Black,18,0.44268593517451493,0.0011543501914799753,0.4449484615498157,0.44042340879921416,NY: New York
36061,first_victim,Black,18,0.23281113580304422,0.0010242372166394313,0.23481864074765751,0.23080363085843092,NY: New York
36061,tpr,Black,18,0.003854553060241378,1.5369988682652444e-4,0.004155804838421366,0.00355330128206139,NY: New York
48029,first_entry,Black,18,0.08798340584690308,0.0024787338936495523,0.0928417242784562,0.08312508741534995,TX: Bexar
48029,first_inv,Black,18,0.5132718431528177,0.0039066994862923185,0.5209289741459506,0.5056147121596848,TX: Bexar
48029,first_victim,Black,18,0.178537598390004,0.003288918277793626,0.1849838782144795,0.17209131856552848,TX: Bexar
48029,tpr,Black,18,0.034799332313244544,0.0016095647506211002,0.0379540792244619,0.031644585402027185,TX: Bexar
48113,first_entry,Black,18,0.08379784925492115,0.0012867797825922157,0.08631993762880188,0.08127576088104041,TX: Dallas
48113,first_inv,Black,18,0.52887966985222,0.0020053903807092373,0.5328102349984101,0.52494910470603,TX: Dallas
48113,first_victim,Black,18,0.1995552675685076,0.0018035987162664162,0.20309032105238978,0.19602021408462544,TX: Dallas
48113,tpr,Black,18,0.015375474706184541,5.792368161381377e-4,0.01651077886581529,0.014240170546553792,TX: Dallas
48201,first_entry,Black,18,0.06001645520983778,8.815362935115999e-4,0.06174426634512052,0.05828864407455504,TX: Harris
48201,first_inv,Black,18,0.47066870128941873,0.0016567997461489222,0.4739160287918706,0.46742137378696685,TX: Harris
48201,first_victim,Black,18,0.13579971311488084,0.0012610176526238832,0.13827130771402366,0.13332811851573803,TX: Harris
48201,tpr,Black,18,0.022850087899113372,5.577198438639979e-4,0.023943218793086807,0.021756957005139937,TX: Harris
48439,first_entry,Black,18,0.04056834192193788,0.00117215229815141,0.042865760426314646,0.038270923417561116,TX: Tarrant
48439,first_inv,Black,18,0.5428539110306377,0.0025122464919893808,0.5477779141549369,0.5379299079063385,TX: Tarrant
48439,first_victim,Black,18,0.2347520493999397,0.0024173322458388435,0.23949002060178384,0.23001407819809558,TX: Tarrant
48439,tpr,Black,18,0.013601961429981088,7.000547568760178e-4,0.014974068753458082,0.012229854106504094,TX: Tarrant
53033,first_entry,Black,18,0.08379068938609856,0.0023283683089204074,0.08835429127158255,0.07922708750061457,WA: King
53033,first_inv,Black,18,0.32937167289891983,0.003720829807872829,0.3366644993223506,0.32207884647548907,WA: King
53033,first_victim,Black,18,0.039891493182708126,0.0017244789017080051,0.043271471830055815,0.03651151453536044,WA: King
53033,tpr,Black,18,0.013292710485035941,9.556797082949533e-4,0.01516584271329405,0.011419578256777833,WA: King
4013,first_entry,Hispanic,18,0.08369312280737445,8.39523257779423e-4,0.08533858839262212,0.08204765722212679,AZ: Maricopa
4013,first_inv,Hispanic,18,0.3612887640976009,0.0013606698550813416,0.36395567701356035,0.35862185118164147,AZ: Maricopa
4013,first_victim,Hispanic,18,0.08026582429901512,8.158310634661253e-4,0.08186485318340872,0.07866679541462152,AZ: Maricopa
4013,tpr,Hispanic,18,0.026205588952342665,4.901974608248675e-4,0.027166375975559404,0.025244801929125926,AZ: Maricopa
6001,first_entry,Hispanic,18,0.02109793622528873,9.367035191830754e-4,0.022933875122887557,0.019261997327689902,CA: Alameda
6001,first_inv,Hispanic,18,0.2568156115386443,0.0025614485912313755,0.2618360507774578,0.2517951722998308,CA: Alameda
6001,first_victim,Hispanic,18,0.03675129410950338,0.00117131386245772,0.039047069279920514,0.03445551893908625,CA: Alameda
6001,tpr,Hispanic,18,0.0021804210366547644,3.3152659479603015e-4,0.0028302131624549833,0.0015306289108545455,CA: Alameda
6037,first_entry,Hispanic,18,0.05094421751187456,4.1701951120967217e-4,0.05176157575384551,0.0501268592699036,CA: Los Angeles
6037,first_inv,Hispanic,18,0.4250396960026001,0.00076595427639563425,0.42654096638433553,0.4235384256208647,CA: Los Angeles
6037,first_victim,Hispanic,18,0.1453260594721421,5.74684787776543e-4,0.14645244165618412,0.1441996772881001,CA: Los Angeles
6037,tpr,Hispanic,18,0.006256832672570656,1.461628486428207e-4,0.006543311855910584,0.005970353489230727,CA: Los Angeles
6059,first_entry,Hispanic,18,0.029706720327798364,6.148858236352272e-4,0.03091189654212341,0.028501544113473318,CA: Orange
6059,first_inv,Hispanic,18,0.3306323887033962,0.0014745328738771243,0.3335224731361953,0.32774230427059703,CA: Orange
6059,first_victim,Hispanic,18,0.13257752424500005,0.0011253009021861906,0.134783114013285,0.1303719344767151,CA: Orange
6059,tpr,Hispanic,18,0.007029993167738793,2.935261435854305e-4,0.007605304409166238,0.006454681926311349,CA: Orange
6065,first_entry,Hispanic,18,0.03749028703726136,6.486447832422487e-4,0.03876163081241617,0.03621894326210655,CA: Riverside
6065,first_inv,Hispanic,18,0.3672908235064746,0.001451946661468295,0.37013663896295246,0.3644450080499967,CA: Riverside
6065,first_victim,Hispanic,18,0.11363389285627025,0.0010165006399216207,0.11562623411051663,0.11164155160202387,CA: Riverside
6065,tpr,Hispanic,18,0.008445033221403428,3.511419612097267e-4,0.009133271465374493,0.007756794977432363,CA: Riverside
6071,first_entry,Hispanic,18,0.05797822290274432,7.958908875913778e-4,0.05953816904242342,0.05641827676306522,CA: San Bernadino
6071,first_inv,Hispanic,18,0.32656882031148793,0.0014523510539677272,0.3294154283772647,0.3237222122457112,CA: San Bernadino
6071,first_victim,Hispanic,18,0.0970554258954224,9.712276647836993e-4,0.09895903211839846,0.09515181967244635,CA: San Bernadino
6071,tpr,Hispanic,18,0.011171588652859513,3.584680220603722e-4,0.011874185976097842,0.010468991329621183,CA: San Bernadino
6073,first_entry,Hispanic,18,0.02453095511972253,5.636677151918203e-4,0.0256357438414985,0.023426166397946563,CA: San Diego
6073,first_inv,Hispanic,18,0.38837445861323755,0.0015170255554413556,0.3913478287019026,0.3854010885245725,CA: San Diego
6073,first_victim,Hispanic,18,0.09705553280154193,0.0010160147898795693,0.09904692178970588,0.09506414381337798,CA: San Diego
6073,tpr,Hispanic,18,0.004958863022815341,2.4287676385432888e-4,0.005434901479969825,0.0044828245656608565,CA: San Diego
6085,first_entry,Hispanic,18,0.032909551641205806,9.242797997899504e-4,0.034721140048794105,0.031097963233617503,CA: Santa Clara
6085,first_inv,Hispanic,18,0.3839072136175784,0.002246648790618747,0.38831064524719117,0.37950378198796564,CA: Santa Clara
6085,first_victim,Hispanic,18,0.10879570925629395,0.001566349066303577,0.11186575342624897,0.10572566508633893,CA: Santa Clara
6085,tpr,Hispanic,18,0.0055119213285899915,3.832981417079863e-4,0.006263185686337645,0.004760656970842338,CA: Santa Clara
12011,first_entry,Hispanic,18,0.023226226892661225,8.333437461738568e-4,0.024859580635161985,0.021592873150160466,FL: Broward
12011,first_inv,Hispanic,18,0.27984279609150114,0.0024852997540805413,0.284713983609499,0.2749716085735033,FL: Broward
12011,first_victim,Hispanic,18,0.06276043889073618,0.0014053228034297913,0.06551487158545857,0.06000600619601379,FL: Broward
12011,tpr,Hispanic,18,0.004083057841345966,3.5337076422826106e-4,0.004775664539233358,0.0033904511434585745,FL: Broward
12086,first_entry,Hispanic,18,0.024190782666082114,5.01401299306398e-4,0.025173529212722656,0.023208036119441573,FL: Miami-Dade
12086,first_inv,Hispanic,18,0.23623278602652623,0.0013245492013764847,0.23882890246122412,0.23363666959182833,FL: Miami-Dade
12086,first_victim,Hispanic,18,0.0318822268450137,5.736249782154999e-4,0.03300653180231608,0.030757921887711318,FL: Miami-Dade
12086,tpr,Hispanic,18,0.0049032345217408235,2.2596243846118114e-4,0.005346120901124738,0.004460348142356909,FL: Miami-Dade
17031,first_entry,Hispanic,18,0.008104377343010394,2.7953149724825013e-4,0.008652259077616964,0.007556495608403824,IL: Cook
17031,first_inv,Hispanic,18,0.3432616934088234,0.0013307026320223615,0.3458698705675872,0.3406535162500596,IL: Cook
17031,first_victim,Hispanic,18,0.08274909361091226,8.360166572204025e-4,0.08438768625906425,0.08111050096276028,IL: Cook
17031,tpr,Hispanic,18,6.126707783296464e-4,7.778780098947041e-5,7.651348682690084e-4,4.6020668839028445e-4,IL: Cook
25017,first_entry,Hispanic,18,0.0861255928634754,0.0029786245904279023,0.0919636970607141,0.08028748866623671,MA: Middlesex
25017,first_inv,Hispanic,18,0.45149514969772314,0.006123126132104013,0.463496476916647,0.43949382247879926,MA: Middlesex
25017,first_victim,Hispanic,18,0.24329040654852224,0.0045349101961363394,0.2521788305329495,0.23440198256409503,MA: Middlesex
25017,tpr,Hispanic,18,0.004835379182367497,6.973428549607064e-4,0.006202171178090481,0.0034685871866445123,MA: Middlesex
26163,first_entry,Hispanic,18,0.02536776594463333,0.001720160826251738,0.028739281164086736,0.021996250725179925,MI: Wayne
26163,first_inv,Hispanic,18,0.31208105594240104,0.005213919895412078,0.3223003389374087,0.30186177294739336,MI: Wayne
26163,first_victim,Hispanic,18,0.10606887033356183,0.0035977257233625972,0.11312041275135251,0.09901732791577114,MI: Wayne
26163,tpr,Hispanic,18,0.006553516814387275,8.753399217044762e-4,0.008269183060928048,0.004837850567846502,MI: Wayne
32003,first_entry,Hispanic,18,0.041371786229343094,8.710665928075076e-4,0.04307907675124581,0.03966449570744038,NV: Clark
32003,first_inv,Hispanic,18,0.30180834391240186,0.0020143698655299587,0.3057565088488406,0.2978601789759631,NV: Clark
32003,first_victim,Hispanic,18,0.053383668099051054,9.972319337552657e-4,0.05533824268921138,0.05142909350889073,NV: Clark
32003,tpr,Hispanic,18,0.007009511182175396,3.663408796149689e-4,0.007727539306220735,0.006291483058130057,NV: Clark
36061,first_entry,Hispanic,18,0.01855997617415725,4.0823530266781877e-4,0.019360117367386173,0.017759834980928327,NY: New York
36061,first_inv,Hispanic,18,0.4271874348188527,0.0012652163725752237,0.4296672589091001,0.42470761072860524,NY: New York
36061,first_victim,Hispanic,18,0.19762296085133954,0.0011117863552712688,0.19980206210767124,0.19544385959500785,NY: New York
36061,tpr,Hispanic,18,8.785158229228929e-4,8.812917360605978e-5,0.00105124900319077,7.057826426550156e-4,NY: New York
48029,first_entry,Hispanic,18,0.06828183320402308,8.384164043997146e-4,0.06992512935664652,0.06663853705139963,TX: Bexar
48029,first_inv,Hispanic,18,0.37778014282877703,0.0014897693840817308,0.38070009082157724,0.3748601948359768,TX: Bexar
48029,first_victim,Hispanic,18,0.13623363384241216,0.0011243955042443718,0.13843744903073113,0.1340298186540932,TX: Bexar
48029,tpr,Hispanic,18,0.02889708343871883,5.623353589467456e-4,0.029999260742254452,0.027794906135183206,TX: Bexar
48113,first_entry,Hispanic,18,0.02618975250855407,5.147590165733631e-4,0.02719868018103786,0.02518082483607028,TX: Dallas
48113,first_inv,Hispanic,18,0.29042463626737847,0.0013811358103135675,0.2931316624555931,0.28771761007916385,TX: Dallas
48113,first_victim,Hispanic,18,0.08318570627524448,8.776011831916749e-4,0.08490580459430017,0.08146560795618879,TX: Dallas
48113,tpr,Hispanic,18,0.004427604503382129,2.1380941666074543e-4,0.00484667096003719,0.004008538046727068,TX: Dallas
48201,first_entry,Hispanic,18,0.01335382732470694,2.794740127122865e-4,0.013901596389623022,0.01280605825979086,TX: Harris
48201,first_inv,Hispanic,18,0.259295815947066,9.993267079746698e-4,0.2612544962946964,0.25733713559943566,TX: Harris
48201,first_victim,Hispanic,18,0.0557596360286025,5.534753067507451e-4,0.056844447629833955,0.05467482442737104,TX: Harris
48201,tpr,Hispanic,18,0.004753831278251158,1.654134704655918e-4,0.005078041680363718,0.004429620876138599,TX: Harris
48439,first_entry,Hispanic,18,0.014099893216236142,5.109552357638494e-4,0.015101365478333286,0.013098420954138998,TX: Tarrant
48439,first_inv,Hispanic,18,0.3205312894302301,0.0019083036284508522,0.3242715645419938,0.31679101431846646,TX: Tarrant
48439,first_victim,Hispanic,18,0.10995533900981562,0.0013523197609154865,0.11260588574120997,0.10730479227842127,TX: Tarrant
48439,tpr,Hispanic,18,0.004661919987036606,2.948925161194296e-4,0.005239909318630688,0.0040839306554425235,TX: Tarrant
53033,first_entry,Hispanic,18,0.03336951366656157,0.0014443857926747952,0.036200509820204174,0.030538517512918976,WA: King
53033,first_inv,Hispanic,18,0.15408803065348392,0.003043284722543216,0.16005286870966862,0.14812319259729922,WA: King
53033,first_victim,Hispanic,18,0.017196872083776765,0.0011630341149162715,0.019476418949012655,0.014917325218540873,WA: King
53033,tpr,Hispanic,18,0.0028821255401518947,4.237509051083837e-4,0.0037126773141643267,0.0020515737661394627,WA: King
4013,first_entry,Total,18,0.09136999531587042,5.293749297328198e-4,0.09240757017814676,0.09033242045359409,AZ: Maricopa
4013,first_inv,Total,18,0.37646849551965755,8.163300429928206e-4,0.3780685024039235,0.37486848863539163,AZ: Maricopa
4013,first_victim,Total,18,0.08594468825249071,5.176449683883123e-4,0.0869592723905318,0.08493010411444962,AZ: Maricopa
4013,tpr,Total,18,0.027971150658937294,3.096362334446558e-4,0.02857803767648882,0.027364263641385767,AZ: Maricopa
6001,first_entry,Total,18,0.026694740737812195,5.190962410726373e-4,0.027712169370314566,0.025677312105309824,CA: Alameda
6001,first_inv,Total,18,0.1840635263115435,0.0011946884931752087,0.1864051157581669,0.18172193686492008,CA: Alameda
6001,first_victim,Total,18,0.032291697121848636,5.676980919575758e-4,0.03340438538208548,0.031179008861611787,CA: Alameda
6001,tpr,Total,18,0.0035844739372448142,1.9143631626494242e-4,0.003959689117124101,0.003209258757365527,CA: Alameda
6037,first_entry,Total,18,0.06294307785517739,3.033524802239506e-4,0.06353764871641633,0.06234850699393844,CA: Los Angeles
6037,first_inv,Total,18,0.3793010290333929,5.517084587481394e-4,0.3803823776125393,0.37821968045424653,CA: Los Angeles
6037,first_victim,Total,18,0.12502095435960298,4.07199233193948e-4,0.1258190648566631,0.12422284386254284,CA: Los Angeles
6037,tpr,Total,18,0.007420195108136962,1.087269779807841e-4,0.007633299984979299,0.007207090231294625,CA: Los Angeles
6059,first_entry,Total,18,0.025219015856024485,3.5434421711604306e-4,0.02591353052157193,0.02452450119047704,CA: Orange
6059,first_inv,Total,18,0.24683839500990712,9.162092091545224e-4,0.24863416505984998,0.24504262495996426,CA: Orange
6059,first_victim,Total,18,0.09018692861838966,6.354084533875794e-4,0.09143232918702932,0.08894152804975,CA: Orange
6059,tpr,Total,18,0.005804858626626497,1.740010778034626e-4,0.006145900739121283,0.00546381651413171,CA: Orange
6065,first_entry,Total,18,0.047690849020820214,5.231453666179833e-4,0.04871621393939146,0.046665484102248966,CA: Riverside
6065,first_inv,Total,18,0.3682531934393196,0.0010687911375758053,0.3703480240689682,0.366158362809671,CA: Riverside
6065,first_victim,Total,18,0.11603701448414253,7.682012519033451e-4,0.11754268893787308,0.11453134003041197,CA: Riverside
6065,tpr,Total,18,0.011255931637221828,2.6678163903378943e-4,0.011778823649728055,0.0107330396247156,CA: Riverside
6071,first_entry,Total,18,0.07432953454514146,6.517481842617455e-4,0.07560696098629448,0.07305210810398845,CA: San Bernadino
6071,first_inv,Total,18,0.34548024441153474,0.0010900677602221204,0.3476167772215701,0.3433437116014994,CA: San Bernadino
6071,first_victim,Total,18,0.1088363831355359,7.663572244259549e-4,0.11033844329541077,0.10733432297566102,CA: San Bernadino
6071,tpr,Total,18,0.014054034512300584,2.9925802243121227e-4,0.01464058023626576,0.013467488788335407,CA: San Bernadino
6073,first_entry,Total,18,0.026631063053850657,3.5236156772050595e-4,0.027321691726582848,0.025940434381118465,CA: San Diego
6073,first_inv,Total,18,0.32962588564178397,9.510131892813692e-4,0.3314898714927754,0.3277618997907925,CA: San Diego
6073,first_victim,Total,18,0.08056161159475309,5.912654090320763e-4,0.08172049179645595,0.07940273139305022,CA: San Diego
6073,tpr,Total,18,0.00539069731783981,1.589660598683665e-4,0.005702270795181808,0.005079123840497812,CA: San Diego
6085,first_entry,Total,18,0.02063263662095427,4.0996653170143505e-4,0.021436171023089083,0.019829102218819457,CA: Santa Clara
6085,first_inv,Total,18,0.2397407757828607,0.0011571473893565152,0.24200878466599948,0.23747276689972194,CA: Santa Clara
6085,first_victim,Total,18,0.05558990506008078,6.537371351295937e-4,0.056871229844934784,0.05430858027522678,CA: Santa Clara
6085,tpr,Total,18,0.002975687417102857,1.5847257533219795e-4,0.003286293664753965,0.0026650811694517488,CA: Santa Clara
12011,first_entry,Total,18,0.04419590884495128,6.076199835000617e-4,0.0453868440126114,0.04300497367729116,FL: Broward
12011,first_inv,Total,18,0.3773862579194127,0.0012978621413021515,0.37993006771636495,0.3748424481224605,FL: Broward
12011,first_victim,Total,18,0.0908687213813552,8.41826524956861e-4,0.09251870137027064,0.08921874139243975,FL: Broward
12011,tpr,Total,18,0.010176428779904656,2.9930419787573123e-4,0.01076306500774109,0.009589792552068222,FL: Broward
12086,first_entry,Total,18,0.036205998055321986,4.699023263430907e-4,0.037127006614954446,0.03528498949568953,FL: Miami-Dade
12086,first_inv,Total,18,0.3158911566925208,0.0010847798267036573,0.31801732515286,0.31376498823218163,FL: Miami-Dade
12086,first_victim,Total,18,0.04255428553759126,5.067574451520474e-4,0.043547530130089274,0.04156104094509325,FL: Miami-Dade
12086,tpr,Total,18,0.008521442418132907,2.3139529135099738e-4,0.008974977189180862,0.008067907647084952,FL: Miami-Dade
17031,first_entry,Total,18,0.01688744992123606,2.2496432853277417e-4,0.017328380005160297,0.01644651983731182,IL: Cook
17031,first_inv,Total,18,0.3803461668924909,7.651331674101651e-4,0.38184582790061483,0.37884650588436697,IL: Cook
17031,first_victim,Total,18,0.08641022253356914,4.84024958356889e-4,0.08735891145194864,0.08546153361518964,IL: Cook
17031,tpr,Total,18,0.001966780979223426,7.699165690577048e-5,0.002117684626758736,0.0018158773316881158,IL: Cook
25017,first_entry,Total,18,0.033197015852323486,5.936472627600836e-4,0.03436056448733325,0.03203346721731372,MA: Middlesex
25017,first_inv,Total,18,0.2644163114010915,0.0013864388479264797,0.2671337315430274,0.26169889125915563,MA: Middlesex
25017,first_victim,Total,18,0.1220363278327085,0.001072522361118457,0.12413847166050068,0.11993418400491632,MA: Middlesex
25017,tpr,Total,18,0.0029813292426525972,1.8470919664942732e-4,0.0033433592680854746,0.00261929921721972,MA: Middlesex
26163,first_entry,Total,18,0.04854184513886835,6.23943490233244e-4,0.049764774379725506,0.04731891589801119,MI: Wayne
26163,first_inv,Total,18,0.44641356897244727,0.0012921288327954036,0.4489461414847263,0.44388099646016826,MI: Wayne
26163,first_victim,Total,18,0.1658005076897229,0.0010641961909043447,0.16788633222389543,0.16371468315555038,MI: Wayne
26163,tpr,Total,18,0.013716938416952429,3.419116261043758e-4,0.014387085204117005,0.013046791629787852,MI: Wayne
32003,first_entry,Total,18,0.07139110161428652,6.818554248806553e-4,0.07272753824705261,0.07005466498152044,NV: Clark
32003,first_inv,Total,18,0.3590572051502715,0.001164703414197318,0.36134002384209823,0.3567743864584448,NV: Clark
32003,first_victim,Total,18,0.07415068636798536,6.910119801662202e-4,0.07550506984911115,0.07279630288685957,NV: Clark
32003,tpr,Total,18,0.011728220108304765,2.9040028869238446e-4,0.01229740467414184,0.011159035542467692,NV: Clark
36061,first_entry,Total,18,0.031289554732417776,2.443211443737323e-4,0.03176842417539029,0.03081068528944526,NY: New York
36061,first_inv,Total,18,0.33435469011021207,6.117861881749877e-4,0.33555379103903504,0.3331555891813891,NY: New York
36061,first_victim,Total,18,0.1536665693055124,4.931296749592512e-4,0.15463310346843254,0.15270003514259226,NY: New York
36061,tpr,Total,18,0.001601627270907069,5.410676027634424e-5,0.0017076765210487037,0.001495578020765434,NY: New York
48029,first_entry,Total,18,0.060242361685437826,6.308524089185948e-4,0.061478832406918274,0.05900589096395738,TX: Bexar
48029,first_inv,Total,18,0.3618696359970485,0.0011691207991610603,0.3641611127634042,0.35957815923069286,TX: Bexar
48029,first_victim,Total,18,0.123707424227696,8.605313663350346e-4,0.12539406570571265,0.12202078274967933,TX: Bexar
48029,tpr,Total,18,0.02462337855149077,4.141961568715715e-4,0.02543520301895905,0.023811554084022492,TX: Bexar
48113,first_entry,Total,18,0.0407582579657442,4.44691234943194e-4,0.04162985278623286,0.03988666314525554,TX: Dallas
48113,first_inv,Total,18,0.34410674332088426,9.838832278506638e-4,0.34603515444747157,0.34217833219429694,TX: Dallas
48113,first_victim,Total,18,0.10905778689648163,6.908912420468636e-4,0.11041193373089347,0.10770364006206978,TX: Dallas
48113,tpr,Total,18,0.00753998608244788,1.9513181962642272e-4,0.00792244444891567,0.0071575277159800915,TX: Dallas
48201,first_entry,Total,18,0.0234509812089974,2.5474091061663634e-4,0.023950273393806006,0.02295168902418879,TX: Harris
48201,first_inv,Total,18,0.29452859510879675,7.15354815753342e-4,0.2959306905476733,0.2931264996699202,TX: Harris
48201,first_victim,Total,18,0.07007962125848935,4.2580730890471826e-4,0.0709142035839426,0.0692450389330361,TX: Harris
48201,tpr,Total,18,0.00854398569898196,1.5481510904220171e-4,0.008847423312704675,0.008240548085259244,TX: Harris
48439,first_entry,Total,18,0.019825869050373215,3.624422228271297e-4,0.02053625580711439,0.019115482293632042,TX: Tarrant
48439,first_inv,Total,18,0.35552444231914626,0.001129638622680221,0.3577385340195995,0.35331035061869304,TX: Tarrant
48439,first_victim,Total,18,0.1290211558525587,8.508916033505464e-4,0.13068890339512576,0.12735340830999162,TX: Tarrant
48439,tpr,Total,18,0.0070087033789647535,2.1861118801327518e-4,0.007437181307470773,0.006580225450458734,TX: Tarrant
53033,first_entry,Total,18,0.03069755715945066,4.8374803256017053e-4,0.031645703303268595,0.029749411015632728,WA: King
53033,first_inv,Total,18,0.16621647638855497,0.0010120894823200826,0.16820017177390234,0.1642327810032076,WA: King
53033,first_victim,Total,18,0.017029705444380136,3.6468566388397666e-4,0.01774448934559273,0.016314921543167542,WA: King
53033,tpr,Total,18,0.00421867633989137,1.8117159981386366e-4,0.004573772675526542,0.0038635800042561967,WA: King
4013,first_entry,White,18,0.07731823865992167,7.868891139215389e-4,0.07886054132320788,0.07577593599663546,AZ: Maricopa
4013,first_inv,White,18,0.33391451119901217,0.0012697898818119526,0.3364032993673636,0.33142572303066076,AZ: Maricopa
4013,first_victim,White,18,0.07374878020995047,7.856154182679381e-4,0.07528858642975564,0.07220897399014531,AZ: Maricopa
4013,tpr,White,18,0.025503812990720826,4.789591076680013e-4,0.026442572841750108,0.024565053139691543,AZ: Maricopa
6001,first_entry,White,18,0.014588380548337734,8.904635009309629e-4,0.01633368901016242,0.012843072086513047,CA: Alameda
6001,first_inv,White,18,0.11906217940368202,0.002056562041822091,0.12309304100565333,0.11503131780171072,CA: Alameda
6001,first_victim,White,18,0.018632642661935275,8.542475804634255e-4,0.02030696791964359,0.01695831740422696,CA: Alameda
6001,tpr,White,18,0.00186760887391052,2.6984034748739653e-4,0.002396495954985817,0.001338721792835223,CA: Alameda
6037,first_entry,White,18,0.05488931474337756,8.29764720671489e-4,0.05651565359589368,0.053262975890861444,CA: Los Angeles
6037,first_inv,White,18,0.25816965048603,0.001363940343189476,0.2608429735586814,0.25549632741337863,CA: Los Angeles
6037,first_victim,White,18,0.06436526527320784,7.21751605770638e-4,0.06577989842051829,0.06295063212589738,CA: Los Angeles
6037,tpr,White,18,0.00752138422189895,2.9903398267995784e-4,0.008107490827951667,0.006935277615846233,CA: Los Angeles
6059,first_entry,White,18,0.021653474897723124,6.344796360886339e-4,0.022897054984456846,0.020409894810989402,CA: Orange
6059,first_inv,White,18,0.18881219097386986,0.0015050498953947283,0.19176208876884354,0.1858622931788962,CA: Orange
6059,first_victim,White,18,0.06086571291677649,9.479730243631307e-4,0.06272374004452823,0.05900768578902475,CA: Orange
6059,tpr,White,18,0.005122387544774218,2.9756430427995155e-4,0.005705613581162923,0.004539161508385512,CA: Orange
6065,first_entry,White,18,0.05113161459018746,0.0011079811890735978,0.05330325772077171,0.04895997145960321,CA: Riverside
6065,first_inv,White,18,0.35258829993453844,0.0021120669412229435,0.3567279511393354,0.34844864872974146,CA: Riverside
6065,first_victim,White,18,0.1077248277448177,0.001475933469004826,0.11061765734406716,0.10483199814556825,CA: Riverside
6065,tpr,White,18,0.014193255431572308,6.363267183490183e-4,0.015440455799536384,0.012946055063608231,CA: Riverside
6071,first_entry,White,18,0.0847207816772859,0.0015311693913008433,0.08772187368423555,0.08171968967033626,CA: San Bernadino
6071,first_inv,White,18,0.36190342553628385,0.0023944362622030234,0.36659652061020176,0.35721033046236594,CA: San Bernadino
6071,first_victim,White,18,0.12206188056604772,0.0017511039875331728,0.12549404438161274,0.1186297167504827,CA: San Bernadino
6071,tpr,White,18,0.018530101873318203,7.393406858712604e-4,0.019979209617625872,0.017080994129010534,CA: San Bernadino
6073,first_entry,White,18,0.019442828774293694,5.06715680811107e-4,0.020435991508683464,0.018449666039903924,CA: San Diego
6073,first_inv,White,18,0.2593696280327805,0.0015579712773168483,0.26242325173632153,0.2563160043292395,CA: San Diego
6073,first_victim,White,18,0.05728169686224517,8.562113376875756e-4,0.05895987108411282,0.055603522640377524,CA: San Diego
6073,tpr,White,18,0.0043283684346216295,2.3851536430465013e-4,0.0047958585486587435,0.0038608783205845154,CA: San Diego
6085,first_entry,White,18,0.01279748513339761,7.373938953550747e-4,0.014242777168293556,0.011352193098501663,CA: Santa Clara
6085,first_inv,White,18,0.15943256784416582,0.0019965040514211075,0.1633457157849512,0.15551941990338045,CA: Santa Clara
6085,first_victim,White,18,0.03174257416418491,9.843653415364882e-4,0.03367193023359643,0.029813218094773393,CA: Santa Clara
6085,tpr,White,18,0.001819924752480384,2.4467785174449335e-4,0.002299493341899591,0.0013403561630611772,CA: Santa Clara
12011,first_entry,White,18,0.029190090176477834,9.620421895719753e-4,0.031075692868038907,0.027304487484916762,FL: Broward
12011,first_inv,White,18,0.34316122935698123,0.0029283395672864187,0.3489007749088626,0.33742168380509985,FL: Broward
12011,first_victim,White,18,0.07452717487456326,0.0015212624671464118,0.07750884931017023,0.07154550043895629,FL: Broward
12011,tpr,White,18,0.008370717011696435,5.223960788661672e-4,0.009394613326274124,0.007346820697118748,FL: Broward
12086,first_entry,White,18,0.014261641399935243,8.288164309539526e-4,0.01588612160460499,0.012637161195265496,FL: Miami-Dade
12086,first_inv,White,18,0.3370086738495582,0.003071252304209242,0.3430283283658083,0.33098901933330804,FL: Miami-Dade
12086,first_victim,White,18,0.0381359487105845,0.0013228346840893537,0.04072870469139963,0.035543192729769364,FL: Miami-Dade
12086,tpr,White,18,0.0033989533799523436,4.019185076922333e-4,0.004186713655029121,0.0026111931048755665,FL: Miami-Dade
17031,first_entry,White,18,0.006003115455679275,2.4030770263269556e-4,0.0064741185528393586,0.005532112358519192,IL: Cook
17031,first_inv,White,18,0.2326917883558243,0.0012649438086910624,0.23517107822085878,0.2302124984907898,IL: Cook
17031,first_victim,White,18,0.04284802360245421,6.196209941221898e-4,0.044062480750933705,0.041633566453974716,IL: Cook
17031,tpr,White,18,0.0010066199609262416,9.593909951779267e-5,0.0011946605959811153,8.18579325871368e-4,IL: Cook
25017,first_entry,White,18,0.02404267376075095,6.279317317510513e-4,0.025273419954983008,0.02281192756651889,MA: Middlesex
25017,first_inv,White,18,0.20621925373676314,0.001729092150828856,0.20960827435238769,0.2028302331211386,MA: Middlesex
25017,first_victim,White,18,0.09385362975388707,0.0013093093135533116,0.09641987600845156,0.09128738349932258,MA: Middlesex
25017,tpr,White,18,0.0024686611797191393,2.1200641259273132e-4,0.0028841937484008926,0.002053128611037386,MA: Middlesex
26163,first_entry,White,18,0.02871777638624859,7.494298935886689e-4,0.03018665897768238,0.027248893794814797,MI: Wayne
26163,first_inv,White,18,0.3793708572235783,0.0021297190404844964,0.3835451065429279,0.37519660790422865,MI: Wayne
26163,first_victim,White,18,0.11605734666156682,0.0015085502410364026,0.11901410513399817,0.11310058818913547,MI: Wayne
26163,tpr,White,18,0.008662058294299363,4.185086585585426e-4,0.009482335265074106,0.00784178132352462,MI: Wayne
32003,first_entry,White,18,0.06696969253738591,0.0011716117422995668,0.06926605155229307,0.06467333352247875,NV: Clark
32003,first_inv,White,18,0.3218798321351022,0.0021341561795302066,0.3260627782469814,0.317696886023223,NV: Clark
32003,first_victim,White,18,0.06865620276088101,0.0011707918938614877,0.07095095487284953,0.0663614506489125,NV: Clark
32003,tpr,White,18,0.013379616737718453,5.360030027219989e-4,0.01443018262305357,0.012329050852383335,NV: Clark
36061,first_entry,White,18,0.019612185766280987,4.412441988516875e-4,0.020477024396030295,0.01874734713653168,NY: New York
36061,first_inv,White,18,0.19357246486259136,0.0011320439171008246,0.19579127094010898,0.19135365878507374,NY: New York
36061,first_victim,White,18,0.07004761268569609,6.976720920426698e-4,0.07141504998609972,0.06868017538529246,NY: New York
36061,tpr,White,18,6.715841890373581e-4,7.001080307824148e-5,8.088053630707114e-4,5.343630150040047e-4,NY: New York
48029,first_entry,White,18,0.035054661505971974,0.0010742812000133198,0.03716025265799808,0.03294907035394587,TX: Bexar
48029,first_inv,White,18,0.28094200914195927,0.002513531000930999,0.28586852990378403,0.2760154883801345,TX: Bexar
48029,first_victim,White,18,0.08204608843096764,0.0015692967126344345,0.08512190998773113,0.07897026687420415,TX: Bexar
48029,tpr,White,18,0.012236996230167246,6.357611373487866e-4,0.013483088059370868,0.010990904400963624,TX: Bexar
48113,first_entry,White,18,0.0365179150870667,9.722800139024596e-4,0.03842358391431552,0.034612246259817875,TX: Dallas
48113,first_inv,White,18,0.2819277429138644,0.0023020189722211177,0.2864397000994178,0.277415785728311,TX: Dallas
48113,first_victim,White,18,0.08860497647425027,0.0014809025499695058,0.09150754547219049,0.08570240747631004,TX: Dallas
48113,tpr,White,18,0.008391288710208208,4.656206179301558e-4,0.009303905121351314,0.007478672299065103,TX: Dallas
48201,first_entry,White,18,0.01851529704416477,4.801323573307506e-4,0.01945635646453304,0.017574237623796497,TX: Harris
48201,first_inv,White,18,0.24105437723208817,0.0015047403372753768,0.2440036682931479,0.23810508617102843,TX: Harris
48201,first_victim,White,18,0.05750777926315741,8.406135853338663e-4,0.059155381890411786,0.05586017663590303,TX: Harris
48201,tpr,White,18,0.006444422961247712,2.8259882796818496e-4,0.006998316664065354,0.005890529258430069,TX: Harris
48439,first_entry,White,18,0.017048640161839934,5.502878850509614e-4,0.018127204416539817,0.01597007590714005,TX: Tarrant
48439,first_inv,White,18,0.3021381416162646,0.001817856384819389,0.30570114013051064,0.2985751431020186,TX: Tarrant
48439,first_victim,White,18,0.10399774841421165,0.0012858003559738007,0.1065179171119203,0.10147757971650301,TX: Tarrant
48439,tpr,White,18,0.006758395312674775,3.494312814762518e-4,0.007443280624368229,0.006073510000981322,TX: Tarrant
53033,first_entry,White,18,0.021069347240807085,5.557732638229374e-4,0.022158662837900044,0.019980031643714126,WA: King
53033,first_inv,White,18,0.14476718179469128,0.0014185005714931148,0.14754744291481778,0.14198692067456478,WA: King
53033,first_victim,White,18,0.013555609542135805,4.912430832533368e-4,0.014518445985312345,0.012592773098959264,WA: King
53033,tpr,White,18,0.0030382357009593186,2.1096488556604883e-4,0.0034517268766687745,0.0026247445252498627,WA: King
